"","nmz","ndz","a","c","e","g","b","x","prs","A","p1","p2","p3","p4","p5","p6","p7","p8","p9","p10","p11","p12","p13","p14","p15","p16"
"1",4000,4000,0.632455532033676,0.547722557505166,0.547722557505166,0,0,0,0.02,0.98,0.05,0.05,0.05,0.05,0.05,0.05,0.05,0.05,0.05,0.05,0.05,0.05,0.05,0.05,0.05,0.05
"2",4000,4000,0.632455532033676,0.547722557505166,0.547722557505166,0,0.05,0,0.02,0.98,0.095,0.05,0.071,0.116,0.095,0.05,0.071,0.116,0.095,0.05,0.071,0.116,0.073,0.05,0.074,0.097
"3",4000,4000,0.632455532033676,0.547722557505166,0.547722557505166,0,0.1,0,0.02,0.98,0.234,0.05,0.14,0.326,0.234,0.05,0.14,0.326,0.234,0.05,0.14,0.326,0.14,0.05,0.151,0.244
"4",4000,4000,0.632455532033676,0.547722557505166,0.547722557505166,0.05,0,0,0.02,0.98,0.05,0.096,0.118,0.071,0.05,0.096,0.118,0.071,0.05,0.096,0.118,0.071,0.05,0.069,0.089,0.07
"5",4000,4000,0.632455532033676,0.547722557505166,0.547722557505166,0.05,0.05,0,0.02,0.98,0.093,0.093,0.214,0.214,0.093,0.093,0.214,0.214,0.093,0.093,0.214,0.214,0.071,0.068,0.175,0.178
"6",4000,4000,0.632455532033676,0.547722557505166,0.547722557505166,0.05,0.1,0,0.02,0.98,0.225,0.091,0.359,0.481,0.225,0.091,0.359,0.481,0.225,0.091,0.359,0.481,0.133,0.067,0.31,0.376
"7",4000,4000,0.632455532033676,0.547722557505166,0.547722557505166,0.1,0,0,0.02,0.98,0.05,0.226,0.311,0.132,0.05,0.226,0.311,0.132,0.05,0.226,0.311,0.132,0.05,0.121,0.202,0.128
"8",4000,4000,0.632455532033676,0.547722557505166,0.547722557505166,0.1,0.05,0,0.02,0.98,0.091,0.215,0.46,0.346,0.091,0.215,0.46,0.346,0.091,0.215,0.46,0.346,0.07,0.117,0.338,0.291
"9",4000,4000,0.632455532033676,0.547722557505166,0.547722557505166,0.1,0.1,0,0.02,0.98,0.217,0.204,0.625,0.633,0.217,0.204,0.625,0.633,0.217,0.204,0.625,0.633,0.127,0.112,0.504,0.516
